Fecha,DolarToday
6-23-2010,9.92E-05
6-25-2010,8.05E-05
6-26-2010,8.05E-05
6-27-2010,7.91E-05
6-28-2010,7.91E-05
6-29-2010,7.92E-05
6-30-2010,7.97E-05
7-1-2010,7.97E-05
7-2-2010,7.98E-05
7-4-2010,7.85E-05
7-6-2010,7.84E-05
7-7-2010,8.27E-05
7-8-2010,8.22E-05
7-9-2010,8.17E-05
7-11-2010,8.17E-05
7-12-2010,8.16E-05
7-13-2010,8.13E-05
7-14-2010,8.15E-05
7-15-2010,8.14E-05
7-16-2010,8.17E-05
7-17-2010,8.17E-05
7-18-2010,8.17E-05
7-19-2010,8.14E-05
7-20-2010,8.14E-05
7-21-2010,8.12E-05
7-22-2010,8.21E-05
7-23-2010,8.23E-05
7-24-2010,8.22E-05
7-25-2010,8.49E-05
7-26-2010,8.45E-05
7-27-2010,8.42E-05
7-28-2010,8.39E-05
7-29-2010,8.37E-05
7-30-2010,8.38E-05
7-31-2010,8.38E-05
8-1-2010,8.38E-05
8-2-2010,8.33E-05
8-3-2010,8.34E-05
8-4-2010,8.34E-05
8-5-2010,8.27E-05
8-6-2010,8.27E-05
8-7-2010,8.27E-05
8-8-2010,8.27E-05
8-9-2010,8.27E-05
8-10-2010,8.23E-05
8-11-2010,8.21E-05
8-12-2010,8.24E-05
8-13-2010,8.34E-05
8-14-2010,8.34E-05
8-15-2010,8.26E-05
8-16-2010,8.26E-05
8-17-2010,8.23E-05
8-18-2010,8.21E-05
8-19-2010,7.9E-05
8-20-2010,7.9E-05
8-22-2010,7.91E-05
8-23-2010,7.86E-05
8-24-2010,8.27E-05
8-25-2010,8.27E-05
8-26-2010,8.27E-05
8-29-2010,8.27E-05
8-31-2010,8.31E-05
9-2-2010,8.23E-05
9-3-2010,8.23E-05
9-5-2010,8.22E-05
9-6-2010,8.22E-05
9-7-2010,8.22E-05
9-8-2010,8.2E-05
9-9-2010,8.19E-05
9-10-2010,8.19E-05
9-12-2010,8.19E-05
9-13-2010,8.15E-05
9-14-2010,8.13E-05
9-15-2010,8.21E-05
9-16-2010,8.23E-05
9-19-2010,8.21E-05
9-20-2010,8.18E-05
9-21-2010,8.17E-05
9-22-2010,8.2E-05
9-23-2010,8.2E-05
9-26-2010,8.22E-05
9-27-2010,8.19E-05
9-28-2010,8.2E-05
9-29-2010,8.18E-05
9-30-2010,8.18E-05
10-1-2010,8.18E-05
10-3-2010,8.17E-05
10-4-2010,8.19E-05
10-5-2010,8.19E-05
10-6-2010,8.16E-05
10-7-2010,8.16E-05
10-10-2010,8.12E-05
10-11-2010,8.12E-05
10-12-2010,8.12E-05
10-13-2010,8.15E-05
10-17-2010,7.87E-05
10-18-2010,7.53E-05
10-19-2010,7.57E-05
10-20-2010,7.55E-05
10-21-2010,7.56E-05
10-24-2010,7.92E-05
10-25-2010,7.96E-05
10-26-2010,7.99E-05
10-27-2010,8.02E-05
10-28-2010,7.99E-05
10-31-2010,7.99E-05
11-1-2010,7.99E-05
11-3-2010,7.89E-05
11-4-2010,7.81E-05
11-7-2010,7.84E-05
11-8-2010,7.82E-05
11-9-2010,7.88E-05
11-11-2010,7.81E-05
11-14-2010,8.04E-05
11-15-2010,8.05E-05
11-16-2010,8.05E-05
11-17-2010,8.04E-05
11-18-2010,8.07E-05
11-21-2010,8.18E-05
11-22-2010,8.49E-05
11-23-2010,8.5E-05
11-24-2010,8.43E-05
11-25-2010,8.48E-05
11-28-2010,8.56E-05
11-29-2010,8.52E-05
11-30-2010,8.63E-05
12-1-2010,8.59E-05
12-2-2010,8.56E-05
12-5-2010,8.46E-05
12-6-2010,8.4E-05
12-7-2010,8.41E-05
12-8-2010,8.37E-05
12-9-2010,8.48E-05
12-12-2010,8.36E-05
12-13-2010,8.46E-05
12-14-2010,8.49E-05
12-15-2010,8.45E-05
12-16-2010,8.48E-05
12-19-2010,8.53E-05
12-20-2010,8.75E-05
12-21-2010,8.78E-05
12-22-2010,8.81E-05
12-23-2010,8.72E-05
12-26-2010,8.84E-05
12-27-2010,8.93E-05
12-28-2010,8.93E-05
12-29-2010,8.93E-05
12-30-2010,9.35E-05
1-2-2011,9.09E-05
1-3-2011,9.08E-05
1-4-2011,8.92E-05
1-5-2011,9.01E-05
1-6-2011,8.99E-05
1-9-2011,8.79E-05
1-10-2011,8.67E-05
1-11-2011,8.76E-05
1-12-2011,8.74E-05
1-13-2011,8.65E-05
1-16-2011,8.66E-05
1-17-2011,8.65E-05
1-18-2011,8.64E-05
1-19-2011,8.53E-05
1-20-2011,8.55E-05
1-23-2011,8.51E-05
1-24-2011,8.54E-05
1-25-2011,8.59E-05
1-26-2011,8.64E-05
1-27-2011,8.59E-05
1-28-2011,8.63E-05
1-30-2011,8.65E-05
1-31-2011,8.64E-05
2-1-2011,8.62E-05
2-2-2011,8.63E-05
2-3-2011,8.63E-05
2-6-2011,8.65E-05
2-9-2011,8.86E-05
2-10-2011,8.86E-05
2-13-2011,8.79E-05
2-14-2011,8.81E-05
2-15-2011,8.88E-05
2-16-2011,8.88E-05
2-17-2011,8.76E-05
2-20-2011,8.73E-05
2-21-2011,8.74E-05
2-22-2011,8.8E-05
2-23-2011,8.82E-05
2-24-2011,8.79E-05
2-27-2011,8.82E-05
2-28-2011,8.85E-05
3-1-2011,8.89E-05
3-2-2011,8.88E-05
3-3-2011,8.79E-05
3-6-2011,8.77E-05
3-7-2011,8.78E-05
3-8-2011,8.73E-05
3-9-2011,8.69E-05
3-10-2011,8.67E-05
3-12-2011,8.65E-05
3-13-2011,8.66E-05
3-14-2011,8.7E-05
3-15-2011,8.7E-05
3-16-2011,8.75E-05
3-17-2011,8.9E-05
3-18-2011,8.67E-05
3-19-2011,8.7E-05
3-20-2011,8.68E-05
3-21-2011,8.6E-05
3-22-2011,8.6E-05
3-23-2011,8.58E-05
3-24-2011,8.4E-05
3-25-2011,8.4E-05
3-26-2011,8.4E-05
3-28-2011,8.43E-05
3-29-2011,8.46E-05
3-30-2011,8.41E-05
3-31-2011,8.39E-05
4-1-2011,8.31E-05
4-2-2011,8.31E-05
4-3-2011,8.4E-05
4-4-2011,8.28E-05
4-5-2011,8.26E-05
4-6-2011,8.26E-05
4-7-2011,8.21E-05
4-8-2011,8.24E-05
4-10-2011,8.2E-05
4-11-2011,8.2E-05
4-12-2011,8.23E-05
4-13-2011,8.27E-05
4-14-2011,8.2E-05
4-15-2011,8.2E-05
4-16-2011,8.2E-05
4-17-2011,8.13E-05
4-18-2011,8.17E-05
4-19-2011,8.13E-05
4-20-2011,8.11E-05
4-21-2011,8.1E-05
4-22-2011,8.07E-05
4-24-2011,8.02E-05
4-25-2011,8.06E-05
4-26-2011,8.07E-05
4-27-2011,8.02E-05
4-28-2011,7.99E-05
4-29-2011,8.03E-05
5-1-2011,8.02E-05
5-2-2011,8.41E-05
5-3-2011,8.37E-05
5-4-2011,8.37E-05
5-5-2011,8.37E-05
5-6-2011,8.46E-05
5-7-2011,8.46E-05
5-8-2011,8.51E-05
5-9-2011,8.55E-05
5-10-2011,8.51E-05
5-11-2011,8.81E-05
5-12-2011,8.48E-05
5-13-2011,8.5E-05
5-14-2011,8.49E-05
5-15-2011,8.49E-05
5-16-2011,8.53E-05
5-17-2011,8.54E-05
5-18-2011,8.59E-05
5-19-2011,8.54E-05
5-20-2011,8.52E-05
5-21-2011,8.52E-05
5-23-2011,8.86E-05
5-24-2011,8.56E-05
5-25-2011,8.56E-05
5-26-2011,8.54E-05
5-27-2011,8.53E-05
5-28-2011,8.53E-05
5-29-2011,8.51E-05
5-30-2011,8.45E-05
6-1-2011,8.43E-05
6-2-2011,8.33E-05
6-3-2011,8.34E-05
6-4-2011,8.34E-05
6-5-2011,8.33E-05
6-6-2011,8.33E-05
6-7-2011,8.25E-05
6-8-2011,8.34E-05
6-9-2011,8.28E-05
6-10-2011,8.3E-05
6-11-2011,8.3E-05
6-12-2011,8.3E-05
6-13-2011,8.31E-05
6-14-2011,8.31E-05
6-15-2011,8.27E-05
6-16-2011,8.38E-05
6-17-2011,8.35E-05
6-18-2011,8.35E-05
6-19-2011,8.37E-05
6-20-2011,8.35E-05
6-21-2011,8.16E-05
6-22-2011,8.32E-05
6-23-2011,8.32E-05
6-24-2011,8.36E-05
6-25-2011,8.36E-05
6-26-2011,8.36E-05
6-27-2011,8.33E-05
6-28-2011,8.34E-05
6-29-2011,8.31E-05
6-30-2011,8.24E-05
7-1-2011,8.2E-05
7-2-2011,8.2E-05
7-3-2011,8.2E-05
7-4-2011,8.19E-05
7-5-2011,8.19E-05
7-6-2011,8.21E-05
7-7-2011,8.18E-05
7-8-2011,8.18E-05
7-9-2011,8.18E-05
7-10-2011,8.19E-05
7-11-2011,8.25E-05
7-12-2011,8.24E-05
7-13-2011,8.24E-05
7-14-2011,8.27E-05
7-15-2011,8.27E-05
7-16-2011,8.27E-05
7-17-2011,8.25E-05
7-18-2011,8.29E-05
7-19-2011,8.28E-05
7-20-2011,8.3E-05
7-21-2011,8.34E-05
7-22-2011,8.34E-05
7-23-2011,8.34E-05
7-24-2011,8.36E-05
7-25-2011,8.41E-05
7-26-2011,8.38E-05
7-27-2011,8.37E-05
7-28-2011,8.34E-05
7-29-2011,8.37E-05
7-30-2011,8.34E-05
7-31-2011,8.27E-05
8-1-2011,8.38E-05
8-2-2011,8.31E-05
8-3-2011,8.37E-05
8-4-2011,8.5E-05
8-5-2011,8.5E-05
8-6-2011,8.5E-05
8-7-2011,8.43E-05
8-8-2011,8.53E-05
8-9-2011,8.63E-05
8-10-2011,8.71E-05
8-11-2011,8.68E-05
8-12-2011,8.66E-05
8-13-2011,8.66E-05
8-14-2011,8.68E-05
8-15-2011,8.68E-05
8-16-2011,8.82E-05
8-17-2011,8.79E-05
8-18-2011,8.81E-05
8-19-2011,8.81E-05
8-20-2011,8.81E-05
8-21-2011,8.7E-05
8-22-2011,8.76E-05
8-23-2011,8.59E-05
8-24-2011,8.66E-05
8-25-2011,8.63E-05
8-26-2011,8.67E-05
8-27-2011,8.67E-05
8-28-2011,8.61E-05
8-29-2011,8.63E-05
8-31-2011,8.63E-05
9-1-2011,8.59E-05
9-2-2011,8.6E-05
9-3-2011,8.6E-05
9-4-2011,8.59E-05
9-5-2011,8.57E-05
9-6-2011,8.65E-05
9-7-2011,8.61E-05
9-8-2011,8.6E-05
9-9-2011,8.64E-05
9-10-2011,8.64E-05
9-11-2011,8.63E-05
9-12-2011,8.68E-05
9-13-2011,8.76E-05
9-14-2011,8.82E-05
9-15-2011,8.82E-05
9-16-2011,8.76E-05
9-17-2011,8.76E-05
9-18-2011,8.75E-05
9-19-2011,8.75E-05
9-20-2011,8.89E-05
9-21-2011,9.08E-05
9-23-2011,8.96E-05
9-24-2011,8.96E-05
9-25-2011,8.96E-05
9-26-2011,8.94E-05
9-27-2011,8.86E-05
9-28-2011,8.93E-05
9-29-2011,8.96E-05
9-30-2011,8.92E-05
10-1-2011,8.92E-05
10-2-2011,8.92E-05
10-3-2011,9.03E-05
10-4-2011,8.94E-05
10-5-2011,9.09E-05
10-6-2011,9.06E-05
10-7-2011,8.95E-05
10-8-2011,8.95E-05
10-9-2011,9.01E-05
10-10-2011,9.03E-05
10-11-2011,9.01E-05
10-12-2011,9.03E-05
10-13-2011,8.66E-05
10-14-2011,8.65E-05
10-15-2011,8.65E-05
10-16-2011,8.61E-05
10-17-2011,8.76E-05
10-18-2011,8.72E-05
10-19-2011,8.75E-05
10-20-2011,8.71E-05
10-21-2011,8.71E-05
10-22-2011,8.71E-05
10-23-2011,8.73E-05
10-24-2011,8.64E-05
10-25-2011,8.62E-05
10-26-2011,8.58E-05
10-27-2011,8.58E-05
10-28-2011,8.58E-05
10-29-2011,8.58E-05
10-30-2011,8.61E-05
10-31-2011,8.61E-05
11-1-2011,8.71E-05
11-2-2011,8.71E-05
11-3-2011,8.76E-05
11-5-2011,8.76E-05
11-6-2011,8.86E-05
11-7-2011,8.85E-05
11-8-2011,8.88E-05
11-9-2011,8.88E-05
11-10-2011,8.91E-05
11-11-2011,8.88E-05
11-12-2011,8.9E-05
11-13-2011,8.9E-05
11-14-2011,8.91E-05
11-15-2011,8.87E-05
11-16-2011,8.95E-05
11-17-2011,9E-05
11-18-2011,9E-05
11-19-2011,9E-05
11-20-2011,9.04E-05
11-21-2011,9.06E-05
11-22-2011,9.09E-05
11-23-2011,9.15E-05
11-25-2011,9.28E-05
11-26-2011,9.28E-05
11-27-2011,9.24E-05
11-28-2011,9.27E-05
11-29-2011,9.28E-05
11-30-2011,9.28E-05
12-1-2011,9.28E-05
12-3-2011,9.24E-05
12-4-2011,9.22E-05
12-5-2011,9.17E-05
12-6-2011,9.12E-05
12-7-2011,9.09E-05
12-8-2011,9.09E-05
12-9-2011,9.09E-05
12-10-2011,9.09E-05
12-11-2011,9.08E-05
12-12-2011,9.04E-05
12-13-2011,9.02E-05
12-14-2011,9.06E-05
12-15-2011,9.02E-05
12-16-2011,9.06E-05
12-17-2011,9.06E-05
12-18-2011,9.06E-05
12-19-2011,9.25E-05
12-20-2011,9.27E-05
12-21-2011,9.27E-05
12-22-2011,9.41E-05
12-23-2011,9.38E-05
12-24-2011,9.38E-05
12-25-2011,9.43E-05
12-26-2011,9.42E-05
12-27-2011,9.42E-05
12-28-2011,9.5E-05
12-29-2011,9.45E-05
12-30-2011,9.45E-05
12-31-2011,9.46E-05
1-1-2012,9.46E-05
1-2-2012,9.46E-05
1-3-2012,9.29E-05
1-4-2012,9.17E-05
1-5-2012,9.21E-05
1-6-2012,9.18E-05
1-7-2012,9.18E-05
1-8-2012,9.19E-05
1-9-2012,9.15E-05
1-10-2012,9.15E-05
1-11-2012,9.11E-05
1-12-2012,8.99E-05
1-13-2012,8.98E-05
1-14-2012,8.99E-05
1-15-2012,8.98E-05
1-16-2012,8.96E-05
1-17-2012,8.97E-05
1-18-2012,8.81E-05
1-19-2012,8.82E-05
1-20-2012,8.82E-05
1-21-2012,8.82E-05
1-22-2012,8.82E-05
1-23-2012,8.67E-05
1-24-2012,8.72E-05
1-25-2012,8.71E-05
1-26-2012,8.71E-05
1-27-2012,8.69E-05
1-28-2012,8.69E-05
1-29-2012,8.68E-05
1-30-2012,8.77E-05
1-31-2012,8.77E-05
2-1-2012,8.68E-05
2-2-2012,8.68E-05
2-3-2012,8.68E-05
2-4-2012,8.68E-05
2-5-2012,8.65E-05
2-6-2012,8.65E-05
2-7-2012,8.61E-05
2-8-2012,8.59E-05
2-9-2012,8.58E-05
2-10-2012,8.63E-05
2-11-2012,8.63E-05
2-12-2012,8.63E-05
2-13-2012,9.02E-05
2-14-2012,9.02E-05
2-15-2012,8.92E-05
2-16-2012,8.81E-05
2-17-2012,8.81E-05
2-18-2012,8.81E-05
2-19-2012,8.94E-05
2-20-2012,8.97E-05
2-21-2012,8.92E-05
2-22-2012,9.01E-05
2-23-2012,8.97E-05
2-24-2012,8.97E-05
2-26-2012,8.98E-05
2-27-2012,8.96E-05
2-28-2012,8.95E-05
2-29-2012,8.91E-05
3-1-2012,8.94E-05
3-2-2012,8.94E-05
3-3-2012,8.94E-05
3-4-2012,8.96E-05
3-5-2012,9.34E-05
3-6-2012,9.36E-05
3-7-2012,9.58E-05
3-8-2012,9.58E-05
3-10-2012,9.58E-05
3-11-2012,9.58E-05
3-12-2012,9.56E-05
3-14-2012,9.47E-05
3-15-2012,9.63E-05
3-16-2012,9.63E-05
3-17-2012,9.63E-05
3-18-2012,9.51E-05
3-19-2012,9.52E-05
3-20-2012,9.35E-05
3-21-2012,9.34E-05
3-22-2012,9.34E-05
3-23-2012,9.34E-05
3-24-2012,9.34E-05
3-25-2012,9.32E-05
3-26-2012,9.31E-05
3-27-2012,9.32E-05
3-28-2012,9.38E-05
3-29-2012,9.38E-05
3-30-2012,9.38E-05
3-31-2012,9.38E-05
4-1-2012,9.38E-05
4-2-2012,9.38E-05
4-3-2012,9.36E-05
4-4-2012,9.36E-05
4-5-2012,9.4E-05
4-6-2012,9.4E-05
4-7-2012,9.4E-05
4-8-2012,9.4E-05
4-9-2012,9.39E-05
4-10-2012,9.4E-05
4-11-2012,9.4E-05
4-12-2012,9.35E-05
4-13-2012,9.35E-05
4-14-2012,9.39E-05
4-15-2012,9.35E-05
4-16-2012,9.35E-05
4-18-2012,9.37E-05
4-19-2012,9.39E-05
4-20-2012,9.36E-05
4-21-2012,9.36E-05
4-22-2012,9.31E-05
4-23-2012,9.35E-05
4-24-2012,9.31E-05
4-25-2012,9.31E-05
4-26-2012,9.27E-05
4-29-2012,9.25E-05
4-30-2012,9.28E-05
5-1-2012,9.28E-05
5-2-2012,9.24E-05
5-3-2012,9.23E-05
5-4-2012,9.23E-05
5-5-2012,9.23E-05
5-6-2012,9.2E-05
5-7-2012,9.24E-05
5-8-2012,9.3E-05
5-9-2012,9.32E-05
5-10-2012,9.29E-05
5-11-2012,9.29E-05
5-12-2012,9.29E-05
5-13-2012,9.29E-05
5-14-2012,9.32E-05
5-15-2012,9.29E-05
5-16-2012,9.43E-05
5-17-2012,9.47E-05
5-18-2012,9.47E-05
5-19-2012,9.47E-05
5-20-2012,9.53E-05
5-21-2012,9.63E-05
5-22-2012,9.61E-05
5-23-2012,9.61E-05
5-24-2012,9.69E-05
5-25-2012,9.69E-05
5-26-2012,9.69E-05
5-27-2012,9.7E-05
5-28-2012,9.7E-05
5-29-2012,9.52E-05
5-30-2012,9.61E-05
5-31-2012,9.56E-05
6-1-2012,9.64E-05
6-2-2012,9.64E-05
6-3-2012,9.62E-05
6-4-2012,9.56E-05
6-5-2012,9.43E-05
6-6-2012,9.41E-05
6-7-2012,9.39E-05
6-8-2012,9.34E-05
6-9-2012,9.34E-05
6-10-2012,9.34E-05
6-11-2012,9.34E-05
6-12-2012,9.34E-05
6-13-2012,9.39E-05
6-14-2012,9.4E-05
6-15-2012,9.39E-05
6-16-2012,9.39E-05
6-17-2012,9.39E-05
6-18-2012,9.39E-05
6-19-2012,9.33E-05
6-20-2012,9.34E-05
6-21-2012,9.34E-05
6-22-2012,9.42E-05
6-23-2012,9.42E-05
6-24-2012,9.42E-05
6-25-2012,9.45E-05
6-26-2012,9.51E-05
6-27-2012,9.45E-05
6-28-2012,9.51E-05
6-29-2012,9.37E-05
6-30-2012,9.37E-05
7-1-2012,9.37E-05
7-2-2012,9.37E-05
7-3-2012,9.36E-05
7-5-2012,9.33E-05
7-6-2012,9.33E-05
7-7-2012,9.33E-05
7-8-2012,9.4E-05
7-9-2012,9.4E-05
7-10-2012,9.4E-05
7-11-2012,9.42E-05
7-12-2012,9.4E-05
7-13-2012,9.36E-05
7-14-2012,9.36E-05
7-15-2012,9.37E-05
7-16-2012,9.36E-05
7-17-2012,9.03E-05
7-18-2012,9.35E-05
7-19-2012,9.34E-05
7-20-2012,9.34E-05
7-21-2012,9.34E-05
7-22-2012,9.35E-05
7-23-2012,9.42E-05
7-24-2012,9.45E-05
7-29-2012,9.42E-05
7-30-2012,9.43E-05
7-31-2012,9.42E-05
8-1-2012,9.4E-05
8-2-2012,9.43E-05
8-3-2012,9.43E-05
8-4-2012,9.43E-05
8-5-2012,9.43E-05
8-6-2012,9.4E-05
8-7-2012,9.4E-05
8-8-2012,9.46E-05
8-9-2012,9.45E-05
8-10-2012,9.45E-05
8-11-2012,9.45E-05
8-12-2012,9.43E-05
8-13-2012,9.48E-05
8-14-2012,9.48E-05
8-15-2012,9.66E-05
8-16-2012,9.66E-05
8-17-2012,9.63E-05
8-18-2012,9.63E-05
8-19-2012,9.68E-05
8-20-2012,0.000107
8-21-2012,0.000107
8-22-2012,0.0001068
8-23-2012,0.0001064
8-24-2012,0.0001064
8-25-2012,0.0001064
8-26-2012,0.0001064
8-27-2012,0.0001068
8-28-2012,0.0001158
8-29-2012,0.0001158
8-30-2012,0.0001154
8-31-2012,0.0001154
9-1-2012,0.0001154
9-2-2012,0.0001158
9-3-2012,0.000114
9-4-2012,0.000114
9-5-2012,0.000114
9-6-2012,0.0001129
9-7-2012,0.0001121
9-8-2012,0.0001121
9-9-2012,0.0001125
9-10-2012,0.0001125
9-11-2012,0.0001125
9-12-2012,0.0001126
9-13-2012,0.0001126
9-14-2012,0.0001162
9-15-2012,0.0001162
9-16-2012,0.0001162
9-17-2012,0.000116
9-18-2012,0.0001277
9-19-2012,0.0001277
9-20-2012,0.0001255
9-21-2012,0.0001237
9-22-2012,0.0001237
9-23-2012,0.0001241
9-24-2012,0.0001241
9-26-2012,0.0001198
9-27-2012,0.00012
9-28-2012,0.00012
9-29-2012,0.00012
9-30-2012,0.0001208
10-1-2012,0.0001208
10-3-2012,0.0001208
10-4-2012,0.000121
10-5-2012,0.0001214
10-7-2012,0.0001214
10-8-2012,0.0001214
10-9-2012,0.0001214
10-10-2012,0.0001216
10-11-2012,0.0001216
10-12-2012,0.0001215
10-13-2012,0.0001215
10-14-2012,0.0001199
10-15-2012,0.0001199
10-16-2012,0.0001198
10-17-2012,0.0001285
10-18-2012,0.0001265
10-19-2012,0.0001265
10-20-2012,0.0001265
10-21-2012,0.0001267
10-22-2012,0.0001333
10-23-2012,0.0001343
10-24-2012,0.0001452
10-25-2012,0.0001456
10-26-2012,0.0001456
10-27-2012,0.0001456
10-28-2012,0.0001463
10-29-2012,0.0001408
10-30-2012,0.0001408
10-31-2012,0.0001407
11-1-2012,0.000146
11-2-2012,0.000146
11-3-2012,0.000146
11-4-2012,0.0001404
11-5-2012,0.0001406
11-6-2012,0.0001397
11-7-2012,0.0001513
11-8-2012,0.0001513
11-9-2012,0.0001489
11-10-2012,0.0001489
11-11-2012,0.0001489
11-12-2012,0.0001493
11-13-2012,0.0001493
11-14-2012,0.0001491
11-15-2012,0.0001507
11-16-2012,0.0001507
11-17-2012,0.0001507
11-18-2012,0.0001507
11-19-2012,0.0001552
11-20-2012,0.0001553
11-21-2012,0.0001552
11-22-2012,0.0001747
11-23-2012,0.0001656
11-24-2012,0.0001656
11-25-2012,0.0001654
11-26-2012,0.0001659
11-27-2012,0.0001656
11-28-2012,0.0001656
11-29-2012,0.000165
11-30-2012,0.000165
12-1-2012,0.000165
12-2-2012,0.000165
12-3-2012,0.0001711
12-4-2012,0.0001711
12-5-2012,0.0001725
12-6-2012,0.0001753
12-7-2012,0.0001648
12-8-2012,0.0001648
12-9-2012,0.0001747
12-10-2012,0.0001748
12-11-2012,0.0001729
12-12-2012,0.0001726
12-13-2012,0.0001726
12-14-2012,0.0001726
12-15-2012,0.0001726
12-16-2012,0.0001726
12-17-2012,0.0001726
12-18-2012,0.0001725
12-19-2012,0.0001721
12-20-2012,0.0001719
12-21-2012,0.0001719
12-22-2012,0.0001719
12-24-2012,0.0001719
12-25-2012,0.0001708
12-26-2012,0.0001737
12-27-2012,0.0001739
12-28-2012,0.0001743
12-29-2012,0.0001743
12-30-2012,0.0001743
12-31-2012,0.0001743
1-1-2013,0.0001732
1-2-2013,0.0001727
1-3-2013,0.0001761
1-4-2013,0.0001772
1-5-2013,0.0001772
1-6-2013,0.0001772
1-8-2013,0.000177
1-9-2013,0.0001749
1-10-2013,0.0001746
1-11-2013,0.0001745
1-12-2013,0.0001745
1-13-2013,0.0001746
1-14-2013,0.0001742
1-15-2013,0.0001742
1-16-2013,0.0001756
1-17-2013,0.0001751
1-18-2013,0.0001752
1-19-2013,0.0001752
1-20-2013,0.0001752
1-21-2013,0.0001752
1-22-2013,0.0001759
1-23-2013,0.0001759
1-24-2013,0.0001873
1-25-2013,0.0001873
1-26-2013,0.0001873
1-27-2013,0.0001873
1-28-2013,0.0001873
1-29-2013,0.0001869
1-30-2013,0.0001869
1-31-2013,0.0001869
2-1-2013,0.0001871
2-2-2013,0.0001871
2-3-2013,0.0001871
2-4-2013,0.0001883
2-5-2013,0.0001884
2-6-2013,0.0002019
2-7-2013,0.000201
2-8-2013,0.0002662
2-9-2013,0.0002662
2-10-2013,0.0002058
2-11-2013,0.0002231
2-12-2013,0.0002203
2-14-2013,0.0002175
2-16-2013,0.0002179
2-18-2013,0.0002133
2-19-2013,0.0002152
2-20-2013,0.0002134
2-21-2013,0.0002166
2-22-2013,0.0002174
2-23-2013,0.0002174
2-24-2013,0.0002184
4-21-2013,0.0002418
4-22-2013,0.0002394
4-23-2013,0.0002362
4-24-2013,0.0002357
4-25-2013,0.0002474
4-26-2013,0.0002548
4-27-2013,0.0002548
4-28-2013,0.0002548
4-29-2013,0.0002542
4-30-2013,0.0002535
5-1-2013,0.000254
5-2-2013,0.0002517
5-3-2013,0.0002515
5-4-2013,0.0002515
5-5-2013,0.0002517
5-6-2013,0.000251
5-7-2013,0.0002611
5-8-2013,0.0002618
5-9-2013,0.0002621
5-10-2013,0.0002615
5-11-2013,0.0002615
5-12-2013,0.0002615
5-13-2013,0.000266
5-14-2013,0.0002626
5-15-2013,0.0002636
5-16-2013,0.0002628
5-17-2013,0.0002667
5-18-2013,0.0002667
5-19-2013,0.0002666
5-20-2013,0.0002673
5-21-2013,0.0002678
5-22-2013,0.0002685
5-23-2013,0.0002704
5-24-2013,0.0002724
5-25-2013,0.0002724
5-26-2013,0.0002725
5-27-2013,0.0002731
5-28-2013,0.0002754
5-29-2013,0.0002837
5-30-2013,0.0002825
5-31-2013,0.0002843
6-1-2013,0.0002843
6-2-2013,0.0002847
6-3-2013,0.0002837
6-4-2013,0.0002832
6-5-2013,0.000284
6-6-2013,0.0002984
6-7-2013,0.0003112
6-8-2013,0.0003112
6-9-2013,0.0003122
6-10-2013,0.0003116
6-11-2013,0.0003125
6-12-2013,0.0003116
6-13-2013,0.0003102
6-14-2013,0.0003089
6-15-2013,0.0003089
6-16-2013,0.0003089
6-17-2013,0.0003094
6-18-2013,0.0003125
6-19-2013,0.0003116
6-20-2013,0.0003171
6-21-2013,0.0003193
6-22-2013,0.0003193
6-23-2013,0.0003193
6-24-2013,0.0003181
6-25-2013,0.0003161
6-26-2013,0.0003148
6-27-2013,0.0003152
6-28-2013,0.0003147
6-29-2013,0.0003165
6-30-2013,0.0003165
7-1-2013,0.000315
7-2-2013,0.0003145
7-3-2013,0.0003148
7-4-2013,0.0003139
7-5-2013,0.0003161
7-6-2013,0.0003161
7-7-2013,0.000316
7-8-2013,0.000316
7-9-2013,0.0003262
7-10-2013,0.0003258
7-11-2013,0.0003236
7-12-2013,0.0003226
7-13-2013,0.0003226
7-14-2013,0.0003225
7-15-2013,0.0003216
7-16-2013,0.0003184
7-17-2013,0.0003124
7-18-2013,0.0003041
7-19-2013,0.0003191
7-20-2013,0.0003191
7-21-2013,0.0003191
7-22-2013,0.0003136
7-23-2013,0.000315
7-24-2013,0.0003154
7-25-2013,0.0003146
7-26-2013,0.0003146
7-27-2013,0.0003146
7-28-2013,0.0003146
7-29-2013,0.000315
7-30-2013,0.0003148
7-31-2013,0.0003162
8-1-2013,0.0003168
8-2-2013,0.0003149
8-3-2013,0.0003149
8-4-2013,0.0003151
8-5-2013,0.0003149
8-6-2013,0.0003134
8-7-2013,0.0003135
8-8-2013,0.0003129
8-9-2013,0.0003346
8-10-2013,0.0003346
8-11-2013,0.0003353
8-12-2013,0.0003462
8-13-2013,0.0003484
8-14-2013,0.000362
8-15-2013,0.0003653
8-16-2013,0.0003675
8-17-2013,0.0003675
8-18-2013,0.000367
8-19-2013,0.000368
8-20-2013,0.0003631
8-21-2013,0.0003633
8-22-2013,0.0003624
8-23-2013,0.0003605
8-24-2013,0.0003605
8-25-2013,0.0003605
8-26-2013,0.0003637
8-27-2013,0.0003732
8-28-2013,0.0003732
8-29-2013,0.0003741
8-30-2013,0.0003736
8-31-2013,0.0003736
9-1-2013,0.0003736
9-2-2013,0.0003724
9-3-2013,0.0003749
9-4-2013,0.0003883
9-5-2013,0.0003895
9-6-2013,0.0004062
9-7-2013,0.0004062
9-8-2013,0.0004064
9-9-2013,0.0003974
9-10-2013,0.000395
9-11-2013,0.0004177
9-12-2013,0.0004173
9-13-2013,0.0004455
9-14-2013,0.0004455
9-15-2013,0.0004455
9-16-2013,0.0004466
9-17-2013,0.0004459
9-18-2013,0.0004436
9-19-2013,0.0004394
9-20-2013,0.0004397
9-21-2013,0.0004397
9-22-2013,0.0004413
9-23-2013,0.0004022
9-24-2013,0.000411
9-25-2013,0.0004118
9-26-2013,0.0004136
9-27-2013,0.0004167
9-28-2013,0.0004259
9-29-2013,0.0004259
9-30-2013,0.0004247
10-1-2013,0.0004212
10-2-2013,0.0004192
10-3-2013,0.00042
10-4-2013,0.0004192
10-5-2013,0.0004192
10-6-2013,0.0004494
10-7-2013,0.0004602
10-8-2013,0.000448
10-9-2013,0.0004507
10-10-2013,0.0004493
10-11-2013,0.0004492
10-12-2013,0.0004492
10-13-2013,0.0004601
10-14-2013,0.0004705
10-15-2013,0.0004707
10-16-2013,0.0004702
10-17-2013,0.0004702
10-18-2013,0.0004795
10-19-2013,0.0004795
10-20-2013,0.0004788
10-21-2013,0.0004808
10-22-2013,0.0004792
10-23-2013,0.0004926
10-24-2013,0.0005351
10-25-2013,0.0005343
10-26-2013,0.0005343
10-27-2013,0.0005343
10-28-2013,0.0005444
10-29-2013,0.0005442
10-30-2013,0.0005649
10-31-2013,0.0005671
11-1-2013,0.0005942
11-2-2013,0.0005942
11-3-2013,0.0005942
11-4-2013,0.0005824
11-5-2013,0.0005871
11-6-2013,0.0005859
11-7-2013,0.0005952
11-8-2013,0.0005961
11-9-2013,0.0006088
11-10-2013,0.0006103
11-11-2013,0.0006
11-12-2013,0.0006216
11-13-2013,0.0006397
11-14-2013,0.0006406
11-15-2013,0.00061
11-16-2013,0.00061
11-17-2013,0.00061
11-18-2013,0.0005921
11-19-2013,0.0005497
11-20-2013,0.0005677
11-21-2013,0.0006018
11-22-2013,0.0006209
11-23-2013,0.0006209
11-24-2013,0.0006209
11-25-2013,0.0006012
11-26-2013,0.0006203
11-27-2013,0.0006203
11-28-2013,0.0006203
11-29-2013,0.0006219
11-30-2013,0.0006219
12-1-2013,0.0006225
12-2-2013,0.0006225
12-3-2013,0.0006461
12-4-2013,0.0006474
12-5-2013,0.0006442
12-6-2013,0.0006419
12-7-2013,0.0006419
12-8-2013,0.0006426
12-9-2013,0.0006423
12-10-2013,0.0006426
12-11-2013,0.0006426
12-12-2013,0.0006426
12-13-2013,0.0006413
12-14-2013,0.0006413
12-15-2013,0.000641
12-16-2013,0.0006426
12-17-2013,0.0006452
12-18-2013,0.0006455
12-20-2013,0.0006423
12-21-2013,0.0006423
12-22-2013,0.0006426
12-23-2013,0.0006394
12-24-2013,0.000639
12-25-2013,0.0006397
12-26-2013,0.0006384
12-27-2013,0.00064
12-28-2013,0.00064
12-29-2013,0.0006413
12-30-2013,0.0006413
12-31-2013,0.000641
1-1-2014,0.0006413
1-2-2014,0.0006452
1-3-2014,0.0006442
1-4-2014,0.0006442
1-5-2014,0.0006442
1-6-2014,0.0006439
1-7-2014,0.000641
1-8-2014,0.0006423
1-9-2014,0.000664
1-10-2014,0.000661
1-11-2014,0.000661
1-12-2014,0.000661
1-13-2014,0.0006845
1-14-2014,0.0006876
1-15-2014,0.0007411
1-16-2014,0.0007441
1-17-2014,0.0007493
1-18-2014,0.0007225
1-19-2014,0.0007225
1-20-2014,0.0007229
1-21-2014,0.0007307
1-22-2014,0.0007873
1-23-2014,0.0007648
1-24-2014,0.0007619
1-25-2014,0.0007619
1-26-2014,0.0007622
1-27-2014,0.0007659
1-28-2014,0.0007931
1-29-2014,0.0007954
1-30-2014,0.0007969
1-31-2014,0.0007988
2-1-2014,0.0007988
2-2-2014,0.0008
2-3-2014,0.0008127
2-4-2014,0.0008069
2-5-2014,0.0008119
2-6-2014,0.0008108
2-7-2014,0.0008115
2-8-2014,0.0008115
2-9-2014,0.0008115
2-10-2014,0.0008123
2-11-2014,0.0008404
2-12-2014,0.0008708
2-13-2014,0.0008712
2-14-2014,0.0008688
2-15-2014,0.0008688
2-16-2014,0.00087
2-17-2014,0.0008625
2-18-2014,0.0008712
2-19-2014,0.0008792
2-20-2014,0.0008775
2-21-2014,0.0008771
2-22-2014,0.0008771
2-23-2014,0.0008762
2-24-2014,0.0008767
2-25-2014,0.0008775
2-26-2014,0.0008821
2-28-2014,0.00086
3-1-2014,0.0008428
3-2-2014,0.0008432
3-3-2014,0.0008131
3-4-2014,0.0008115
3-5-2014,0.0008081
3-6-2014,0.0008046
3-7-2014,0.0008054
3-8-2014,0.0008054
3-9-2014,0.0008031
3-10-2014,0.0008088
3-11-2014,0.0007804
3-12-2014,0.0007811
3-13-2014,0.0007536
3-14-2014,0.0007518
3-15-2014,0.0007518
3-16-2014,0.0007269
3-17-2014,0.0007354
3-18-2014,0.0006973
3-19-2014,0.0006684
3-20-2014,0.0006419
3-21-2014,0.0005706
3-22-2014,0.0005786
3-23-2014,0.0005786
3-24-2014,0.0005863
3-25-2014,0.0007282
3-26-2014,0.0007788
3-27-2014,0.0006747
3-28-2014,0.0006529
3-29-2014,0.0006747
3-30-2014,0.000675
3-31-2014,0.0007003
4-1-2014,0.0006969
4-2-2014,0.0006636
4-3-2014,0.0006636
4-4-2014,0.00067
4-5-2014,0.0006763
4-6-2014,0.0006767
4-7-2014,0.000671
4-8-2014,0.0006687
4-9-2014,0.0006687
4-10-2014,0.0006647
4-11-2014,0.0006653
4-12-2014,0.0006653
4-13-2014,0.0006653
4-14-2014,0.000668
4-15-2014,0.000671
4-16-2014,0.0006471
4-17-2014,0.0006477
4-18-2014,0.0006474
4-19-2014,0.0006474
4-20-2014,0.0006474
4-21-2014,0.0006657
4-22-2014,0.0006697
4-23-2014,0.0006707
4-24-2014,0.000672
4-25-2014,0.0006743
4-26-2014,0.0006743
4-27-2014,0.0006743
4-28-2014,0.0006837
4-29-2014,0.0006941
4-30-2014,0.0006948
5-1-2014,0.0006924
5-2-2014,0.0006914
5-3-2014,0.0006914
5-4-2014,0.0006948
5-5-2014,0.0006893
5-6-2014,0.0006886
5-7-2014,0.0006866
5-8-2014,0.0006817
5-9-2014,0.000733
5-10-2014,0.000733
5-11-2014,0.000733
5-12-2014,0.0007374
5-13-2014,0.0007146
5-14-2014,0.0007407
5-15-2014,0.000743
5-16-2014,0.0007558
5-17-2014,0.0007558
5-18-2014,0.0007558
5-19-2014,0.0007269
5-20-2014,0.0007269
5-21-2014,0.0007114
5-22-2014,0.0006951
5-23-2014,0.0007093
5-24-2014,0.0007093
5-25-2014,0.0007096
5-26-2014,0.0007093
5-27-2014,0.0007118
5-28-2014,0.0007093
5-29-2014,0.0007079
5-30-2014,0.0007046
5-31-2014,0.0007046
6-1-2014,0.000705
6-2-2014,0.0007057
6-3-2014,0.000705
6-4-2014,0.0007054
6-5-2014,0.0007029
6-6-2014,0.0007
6-7-2014,0.0007
6-8-2014,0.0007004
6-9-2014,0.0007
6-10-2014,0.0006996
6-11-2014,0.0007124
6-12-2014,0.0007233
6-13-2014,0.0007241
6-14-2014,0.0007241
6-15-2014,0.0007244
6-16-2014,0.0007267
6-17-2014,0.0007193
6-18-2014,0.0007289
6-19-2014,0.0007256
6-20-2014,0.0007252
6-21-2014,0.0007252
6-22-2014,0.0007256
6-23-2014,0.0007248
6-24-2014,0.0007278
6-25-2014,0.0007267
6-26-2014,0.0007252
6-27-2014,0.0007241
6-28-2014,0.0007241
6-29-2014,0.0007244
6-30-2014,0.0007237
7-1-2014,0.0006818
7-2-2014,0.0007029
7-3-2014,0.0007
7-4-2014,0.0006996
7-5-2014,0.0006996
7-6-2014,0.000696
7-7-2014,0.0007137
7-8-2014,0.0007141
7-9-2014,0.0007298
7-10-2014,0.0007442
7-11-2014,0.0007741
7-12-2014,0.0007741
7-13-2014,0.0007749
7-14-2014,0.0007773
7-15-2014,0.0007956
7-16-2014,0.000796
7-17-2014,0.0008283
7-18-2014,0.0008041
7-19-2014,0.000802
7-20-2014,0.000802
7-21-2014,0.0007976
7-22-2014,0.0007465
7-23-2014,0.0007462
7-24-2014,0.00076
7-25-2014,0.0007608
7-26-2014,0.0007608
7-27-2014,0.0007608
7-28-2014,0.000762
7-29-2014,0.0007627
7-30-2014,0.000771
7-31-2014,0.0007733
8-1-2014,0.0007868
8-2-2014,0.0007868
8-3-2014,0.0007868
8-4-2014,0.0007888
8-5-2014,0.0007944
8-6-2014,0.0007928
8-7-2014,0.000809
8-8-2014,0.0008106
8-9-2014,0.0008106
8-10-2014,0.0008106
8-11-2014,0.0008061
8-12-2014,0.0008045
8-13-2014,0.0008238
8-14-2014,0.0008387
8-15-2014,0.0008246
8-16-2014,0.0008246
8-17-2014,0.0008246
8-18-2014,0.0008246
8-19-2014,0.0008283
8-20-2014,0.0008367
8-21-2014,0.0008396
8-22-2014,0.0008417
8-23-2014,0.0008417
8-24-2014,0.0008417
8-25-2014,0.0008634
8-26-2014,0.0008617
8-27-2014,0.0008796
8-28-2014,0.0009059
8-29-2014,0.0008982
8-30-2014,0.0008782
8-31-2014,0.0008782
9-1-2014,0.0008782
9-2-2014,0.000884
9-3-2014,0.0008809
9-4-2014,0.000884
9-5-2014,0.0009059
9-6-2014,0.0009177
9-7-2014,0.0009177
9-8-2014,0.0009209
9-9-2014,0.0009232
9-10-2014,0.0009291
9-11-2014,0.0009614
9-12-2014,0.0009795
9-13-2014,0.0009795
9-14-2014,0.0009795
9-15-2014,0.0009748
9-16-2014,0.0009474
9-17-2014,0.0009336
9-18-2014,0.000959
9-19-2014,0.0009552
9-20-2014,0.0009552
9-21-2014,0.0009552
9-22-2014,0.0009676
9-23-2014,0.00097
9-24-2014,0.0009748
9-25-2014,0.000981
9-26-2014,0.0010068
9-27-2014,0.0010068
9-28-2014,0.0010068
9-29-2014,0.0010093
9-30-2014,0.0010059
10-1-2014,0.0010078
10-2-2014,0.0010153
10-3-2014,0.0010177
10-4-2014,0.0010276
10-5-2014,0.0010276
10-6-2014,0.0010043
10-7-2014,0.0010033
10-8-2014,0.0009865
10-9-2014,0.0009874
10-10-2014,0.000993
10-11-2014,0.000993
10-12-2014,0.000993
10-13-2014,0.000993
10-14-2014,0.0009775
10-15-2014,0.000972
10-16-2014,0.0009709
10-17-2014,0.0009664
10-18-2014,0.0009843
10-19-2014,0.0009843
10-20-2014,0.0009893
10-21-2014,0.0009809
10-22-2014,0.0010052
10-23-2014,0.0010163
10-24-2014,0.0010226
10-25-2014,0.0010226
10-26-2014,0.0010226
10-27-2014,0.0010295
10-28-2014,0.0010227
10-29-2014,0.0010169
10-30-2014,0.0010203
10-31-2014,0.0010256
11-1-2014,0.0010256
11-2-2014,0.0010256
11-3-2014,0.0010256
11-4-2014,0.001018
11-5-2014,0.0010204
11-6-2014,0.0010328
11-7-2014,0.0010412
11-8-2014,0.0010412
11-9-2014,0.0010412
11-10-2014,0.001062
11-11-2014,0.0010727
11-12-2014,0.0011362
11-13-2014,0.0011643
11-14-2014,0.0012122
11-15-2014,0.0012122
11-16-2014,0.0012122
11-17-2014,0.0012122
11-18-2014,0.0012457
11-19-2014,0.0012446
11-20-2014,0.0012446
11-21-2014,0.001236
11-22-2014,0.001236
11-23-2014,0.001236
11-24-2014,0.0012818
11-25-2014,0.0012841
11-26-2014,0.0013748
11-27-2014,0.0014382
11-28-2014,0.0015366
11-29-2014,0.0015366
11-30-2014,0.0015366
12-1-2014,0.0015902
12-2-2014,0.0015804
12-3-2014,0.0015894
12-4-2014,0.0016538
12-5-2014,0.0017403
12-6-2014,0.0017403
12-7-2014,0.0017403
12-8-2014,0.0017403
12-9-2014,0.0017877
12-10-2014,0.0018123
12-11-2014,0.0018043
12-12-2014,0.0017908
12-13-2014,0.0017908
12-14-2014,0.0017908
12-15-2014,0.001837
12-16-2014,0.0018609
12-17-2014,0.0018223
12-18-2014,0.0017761
12-19-2014,0.0017599
12-20-2014,0.0017599
12-21-2014,0.0017599
12-22-2014,0.0017371
12-23-2014,0.0017317
12-24-2014,0.0017352
12-25-2014,0.0017352
12-26-2014,0.0017437
12-27-2014,0.0017437
12-28-2014,0.0017437
12-29-2014,0.0017221
12-30-2014,0.0017324
12-31-2014,0.0017324
1-1-2015,0.0017324
1-2-2015,0.001762
1-3-2015,0.001762
1-4-2015,0.001762
1-5-2015,0.001759
1-6-2015,0.001751
1-7-2015,0.0017874
1-8-2015,0.0018704
1-9-2015,0.0018719
1-10-2015,0.0018719
1-11-2015,0.0018719
1-12-2015,0.0018719
1-13-2015,0.001793
1-14-2015,0.0017902
1-15-2015,0.0017366
1-16-2015,0.0017503
1-18-2015,0.0017503
1-19-2015,0.0017503
1-20-2015,0.0017427
1-21-2015,0.0017707
1-22-2015,0.0018168
1-23-2015,0.0018419
1-24-2015,0.0018419
1-25-2015,0.0018419
1-26-2015,0.0018419
1-27-2015,0.0018519
1-28-2015,0.001837
1-29-2015,0.0018644
1-31-2015,0.0018985
2-1-2015,0.0018985
2-2-2015,0.0018719
2-3-2015,0.0018604
2-4-2015,0.0018805
2-5-2015,0.001882
2-6-2015,0.001882
2-7-2015,0.001882
2-8-2015,0.001882
2-9-2015,0.0018714
2-10-2015,0.0018649
2-11-2015,0.0019075
2-12-2015,0.0018955
2-13-2015,0.0018759
2-14-2015,0.0018759
2-15-2015,0.0018759
2-16-2015,0.0018759
2-17-2015,0.0018933
2-18-2015,0.0019037
2-19-2015,0.0019015
2-20-2015,0.0018956
2-21-2015,0.0018956
2-22-2015,0.0018956
2-23-2015,0.0019507
2-24-2015,0.0019886
2-25-2015,0.0020256
2-26-2015,0.0021377
2-27-2015,0.0022212
2-28-2015,0.0022212
3-1-2015,0.0022212
3-2-2015,0.0023026
3-3-2015,0.0023735
3-4-2015,0.0026412
3-5-2015,0.0028105
3-6-2015,0.002693
3-7-2015,0.0024045
3-8-2015,0.0024045
3-9-2015,0.0024304
3-10-2015,0.0024545
3-11-2015,0.002765
3-12-2015,0.00274
3-13-2015,0.0024946
3-14-2015,0.0024946
3-15-2015,0.0024946
3-16-2015,0.0026743
3-17-2015,0.0026771
3-18-2015,0.0026019
3-19-2015,0.0025645
3-20-2015,0.0025393
3-21-2015,0.0025393
3-22-2015,0.0025393
3-23-2015,0.0025393
3-24-2015,0.0024794
3-25-2015,0.0024648
3-26-2015,0.0024796
3-27-2015,0.0024852
3-28-2015,0.0024852
3-29-2015,0.0024852
3-30-2015,0.0025037
3-31-2015,0.0025259
4-1-2015,0.0024591
4-2-2015,0.0024591
4-3-2015,0.0024591
4-4-2015,0.0024591
4-5-2015,0.0024591
4-6-2015,0.0024519
4-7-2015,0.0024934
4-8-2015,0.0025144
4-9-2015,0.0025183
4-10-2015,0.0025892
4-11-2015,0.0025892
4-12-2015,0.0025892
4-13-2015,0.002664
4-14-2015,0.0027608
4-15-2015,0.0028011
4-16-2015,0.0027558
4-17-2015,0.0027568
4-18-2015,0.0027568
4-19-2015,0.0027568
4-20-2015,0.0027484
4-21-2015,0.0027
4-22-2015,0.0027208
4-23-2015,0.0027568
4-24-2015,0.0027785
4-25-2015,0.0027785
4-26-2015,0.0027785
4-27-2015,0.0028222
4-28-2015,0.0028557
4-29-2015,0.0028816
4-30-2015,0.0027922
5-1-2015,0.0027922
5-2-2015,0.0027922
5-3-2015,0.0027922
5-4-2015,0.0028727
5-5-2015,0.0027844
5-6-2015,0.0027556
5-7-2015,0.0028586
5-8-2015,0.0028814
5-9-2015,0.0028814
5-10-2015,0.0028814
5-11-2015,0.0028736
5-12-2015,0.0028805
5-13-2015,0.0030072
5-14-2015,0.0030585
5-15-2015,0.0031712
5-16-2015,0.0031712
5-17-2015,0.0031712
5-18-2015,0.0031712
5-19-2015,0.0033753
5-20-2015,0.003504
5-21-2015,0.00402
5-22-2015,0.0042339
5-23-2015,0.0042254
5-24-2015,0.0042254
5-25-2015,0.0039706
5-26-2015,0.0034312
5-27-2015,0.003668
5-28-2015,0.0042354
5-29-2015,0.0040235
5-30-2015,0.0040235
5-31-2015,0.0040235
6-1-2015,0.004109
6-2-2015,0.0041925
6-3-2015,0.0042224
6-4-2015,0.00438
6-5-2015,0.0042441
6-6-2015,0.0042441
6-7-2015,0.0042441
6-8-2015,0.0041826
6-9-2015,0.0041559
6-10-2015,0.0041418
6-11-2015,0.0041672
6-12-2015,0.0041627
6-13-2015,0.0041627
6-14-2015,0.0041627
6-15-2015,0.0041627
6-16-2015,0.0042831
6-17-2015,0.0043154
6-18-2015,0.0044143
6-19-2015,0.0045951
6-20-2015,0.0045951
6-21-2015,0.0045951
6-22-2015,0.0046517
6-23-2015,0.004675
6-24-2015,0.004705
6-25-2015,0.0047644
6-26-2015,0.0048186
6-27-2015,0.0048186
6-28-2015,0.0048186
6-29-2015,0.0048186
6-30-2015,0.0048441
7-1-2015,0.0048966
7-2-2015,0.0048915
7-3-2015,0.0050121
7-4-2015,0.0050121
7-5-2015,0.0050121
7-6-2015,0.0052339
7-7-2015,0.0054796
7-8-2015,0.0056904
7-9-2015,0.0061188
7-10-2015,0.0061125
7-11-2015,0.0061125
7-12-2015,0.0061125
7-13-2015,0.0063021
7-14-2015,0.0062915
7-15-2015,0.0062167
7-16-2015,0.0062479
7-17-2015,0.0063062
7-18-2015,0.0063062
7-19-2015,0.0063062
7-20-2015,0.0063062
7-21-2015,0.0063354
7-22-2015,0.0064611
7-23-2015,0.0065011
7-24-2015,0.0068326
7-25-2015,0.0068326
7-26-2015,0.0068326
7-27-2015,0.0068239
7-28-2015,0.0068261
7-29-2015,0.0068261
7-30-2015,0.0067785
8-1-2015,0.0067699
8-2-2015,0.0067699
8-3-2015,0.0068667
8-4-2015,0.0068753
8-5-2015,0.0069677
8-6-2015,0.0069149
8-7-2015,0.0069149
8-8-2015,0.0069149
8-9-2015,0.0069149
8-10-2015,0.006817
8-11-2015,0.0068894
8-12-2015,0.0068745
8-13-2015,0.0068674
8-14-2015,0.0068674
8-15-2015,0.0068674
8-17-2015,0.0067649
8-18-2015,0.0068103
8-19-2015,0.0068639
8-20-2015,0.0067688
8-21-2015,0.0070099
8-22-2015,0.0070351
8-23-2015,0.0070351
8-24-2015,0.0072763
8-25-2015,0.0072433
8-26-2015,0.0072694
8-27-2015,0.0071735
8-28-2015,0.0069612
8-29-2015,0.0069612
8-30-2015,0.0069612
8-31-2015,0.0069835
9-1-2015,0.0069854
9-2-2015,0.0071163
9-3-2015,0.0070673
9-4-2015,0.0070531
9-5-2015,0.0070531
9-6-2015,0.0070531
9-7-2015,0.0070531
9-8-2015,0.0071082
9-9-2015,0.0070329
9-10-2015,0.0070495
9-11-2015,0.007065
9-12-2015,0.007043
9-13-2015,0.007043
9-14-2015,0.007003
9-15-2015,0.007086
9-16-2015,0.0070925
9-17-2015,0.0071056
9-18-2015,0.0071892
9-19-2015,0.0071827
9-20-2015,0.0071827
9-21-2015,0.0073065
9-22-2015,0.007463
9-23-2015,0.0075457
9-24-2015,0.0076326
9-25-2015,0.0078409
9-26-2015,0.0078409
9-27-2015,0.0078409
9-28-2015,0.0079724
9-29-2015,0.0082259
9-30-2015,0.008231
10-1-2015,0.0082627
10-2-2015,0.0082902
10-3-2015,0.0082902
10-4-2015,0.0082902
10-5-2015,0.0079214
10-6-2015,0.0076776
10-7-2015,0.0073591
10-8-2015,0.0071844
10-9-2015,0.0071865
10-10-2015,0.0071865
10-11-2015,0.0071865
10-12-2015,0.0071865
10-13-2015,0.007201
10-14-2015,0.0072889
10-15-2015,0.0072378
10-16-2015,0.0079155
10-17-2015,0.0079155
10-18-2015,0.0079155
10-19-2015,0.0078056
10-20-2015,0.0078873
10-21-2015,0.008087
10-22-2015,0.0082647
10-23-2015,0.008206
10-24-2015,0.008206
10-25-2015,0.008206
10-26-2015,0.0082059
10-27-2015,0.0082059
10-28-2015,0.0081765
10-29-2015,0.0079429
10-30-2015,0.0078592
10-31-2015,0.0078592
11-1-2015,0.0078592
11-2-2015,0.0078592
11-3-2015,0.0079429
11-4-2015,0.008058
11-5-2015,0.0081471
11-6-2015,0.0082687
11-7-2015,0.0082687
11-8-2015,0.0082687
11-9-2015,0.0084242
11-10-2015,0.0084545
11-11-2015,0.0084848
11-12-2015,0.0084848
11-13-2015,0.0085758
11-14-2015,0.0085758
11-15-2015,0.0085758
11-16-2015,0.0085758
11-17-2015,0.0085758
11-19-2015,0.0087385
11-20-2015,0.0087692
11-21-2015,0.0087692
11-22-2015,0.0087692
11-23-2015,0.0087385
11-24-2015,0.008875
11-25-2015,0.008875
11-26-2015,0.0089062
11-27-2015,0.0089062
11-28-2015,0.0089062
11-29-2015,0.0089062
11-30-2015,0.0089375
12-1-2015,0.0091111
12-2-2015,0.0092063
12-3-2015,0.0092063
12-4-2015,0.0092063
12-5-2015,0.0092063
12-6-2015,0.0092063
12-7-2015,0.0090625
12-8-2015,0.0090938
12-9-2015,0.0088636
12-10-2015,0.0085714
12-11-2015,0.0085714
12-12-2015,0.0085714
12-13-2015,0.0085714
12-14-2015,0.0086
12-15-2015,0.0087826
12-16-2015,0.0087826
12-17-2015,0.0086571
12-18-2015,0.0086571
12-19-2015,0.0086571
12-20-2015,0.0086571
12-21-2015,0.0084167
12-22-2015,0.0084167
12-23-2015,0.0084167
12-24-2015,0.0084167
12-25-2015,0.0084167
12-26-2015,0.0084167
12-27-2015,0.0084167
12-28-2015,0.0083611
12-29-2015,0.0083333
12-30-2015,0.0083333
12-31-2015,0.0083333
1-1-2016,0.0083333
1-2-2016,0.0083333
1-3-2016,0.0083333
1-4-2016,0.0084507
1-5-2016,0.0084507
1-6-2016,0.0083889
1-7-2016,0.0083889
1-8-2016,0.0083889
1-9-2016,0.0083889
1-10-2016,0.0083889
1-11-2016,0.0083889
1-12-2016,0.0085915
1-13-2016,0.0086571
1-14-2016,0.0086571
1-15-2016,0.0086571
1-16-2016,0.0086571
1-17-2016,0.0086571
1-18-2016,0.0087826
1-19-2016,0.0089706
1-20-2016,0.0091343
1-21-2016,0.0092727
1-22-2016,0.0094154
1-23-2016,0.0094154
1-24-2016,0.0094154
1-25-2016,0.0095938
1-26-2016,0.0096562
1-27-2016,0.0096562
1-28-2016,0.0096875
1-29-2016,0.0098413
1-30-2016,0.0098413
1-31-2016,0.0098413
2-1-2016,0.0098413
2-2-2016,0.0099677
2-3-2016,0.0100323
2-4-2016,0.0101639
2-5-2016,0.0101639
2-6-2016,0.0101639
2-7-2016,0.0101639
2-8-2016,0.0101639
2-9-2016,0.0101639
2-10-2016,0.0102623
2-11-2016,0.0102623
2-12-2016,0.0102623
2-13-2016,0.0102623
2-14-2016,0.0102623
2-15-2016,0.0102903
2-16-2016,0.0102903
2-17-2016,0.010459
2-18-2016,0.010459
2-19-2016,0.010459
2-20-2016,0.010459
2-21-2016,0.010459
2-22-2016,0.0106
2-23-2016,0.0106
2-24-2016,0.0107119
2-25-2016,0.0108966
2-26-2016,0.0108966
2-27-2016,0.0108966
2-28-2016,0.0108966
2-29-2016,0.0108966
3-1-2016,0.010931
3-2-2016,0.010931
3-3-2016,0.010931
3-4-2016,0.0110526
3-5-2016,0.0110526
3-6-2016,0.0110526
3-7-2016,0.01125
3-8-2016,0.0114545
3-9-2016,0.0118491
3-10-2016,0.0121154
3-11-2016,0.0121154
3-12-2016,0.0121154
3-13-2016,0.0121154
3-14-2016,0.0121154
3-15-2016,0.0121154
3-16-2016,0.0121154
3-17-2016,0.0121154
3-18-2016,0.0121154
3-19-2016,0.0121154
3-20-2016,0.0121154
3-21-2016,0.0121154
3-22-2016,0.0121154
3-23-2016,0.0117115
3-24-2016,0.0117115
3-25-2016,0.0117115
3-26-2016,0.0117115
3-27-2016,0.0117115
3-28-2016,0.0117115
3-29-2016,0.0117115
3-30-2016,0.0115
3-31-2016,0.0117255
4-1-2016,0.0117255
4-2-2016,0.0117255
4-3-2016,0.0117255
4-4-2016,0.0112549
4-5-2016,0.0116471
4-6-2016,0.0114231
4-7-2016,0.0114231
4-8-2016,0.0114231
4-9-2016,0.0114231
4-10-2016,0.0114231
4-11-2016,0.0114231
4-12-2016,0.0113846
4-13-2016,0.0113846
4-14-2016,0.0113462
4-15-2016,0.0113462
4-16-2016,0.0113462
4-17-2016,0.0113462
4-18-2016,0.0113654
4-19-2016,0.0113654
4-20-2016,0.0111154
4-21-2016,0.0111154
4-22-2016,0.0111154
4-23-2016,0.0111538
4-24-2016,0.0111538
4-25-2016,0.0112692
4-26-2016,0.0112692
4-27-2016,0.0112692
4-28-2016,0.0111538
4-29-2016,0.0111538
4-30-2016,0.0111538
5-1-2016,0.0111538
5-2-2016,0.0111538
5-3-2016,0.0109615
5-4-2016,0.0109615
5-5-2016,0.0109615
5-6-2016,0.0110962
5-7-2016,0.0110962
5-8-2016,0.0110962
5-9-2016,0.0110962
5-10-2016,0.0111346
5-11-2016,0.0109057
5-12-2016,0.0109057
5-13-2016,0.0109615
5-14-2016,0.0109615
5-15-2016,0.0109615
5-16-2016,0.0109615
5-17-2016,0.0107547
5-18-2016,0.0107547
5-19-2016,0.0109811
5-20-2016,0.0105091
5-21-2016,0.0105091
5-22-2016,0.0105091
5-23-2016,0.0105091
5-24-2016,0.0103269
5-25-2016,0.0103269
5-26-2016,0.0101404
5-27-2016,0.0099987
5-28-2016,0.0099987
5-29-2016,0.0099987
5-30-2016,0.0099987
5-31-2016,0.0101754
6-1-2016,0.0099655
6-2-2016,0.0099655
6-3-2016,0.0099655
6-6-2016,0.0099655
6-7-2016,0.0099828
6-9-2016,0.0099655
6-11-2016,0.0105556
6-14-2016,0.0105556
6-15-2016,0.0105556
6-16-2016,0.0109434
6-17-2016,0.0109434
6-18-2016,0.0109434
6-19-2016,0.0109434
6-20-2016,0.0109434
6-21-2016,0.0107963
6-22-2016,0.0107963
6-23-2016,0.0106545
6-24-2016,0.0104364
6-25-2016,0.0104364
6-26-2016,0.0104364
6-27-2016,0.0104727
6-28-2016,0.0104727
6-30-2016,0.0104364
7-1-2016,0.0104
7-2-2016,0.0104
7-3-2016,0.0104
7-4-2016,0.0103778
7-5-2016,0.0103537
7-6-2016,0.0103687
7-7-2016,0.0103356
7-8-2016,0.0103085
7-9-2016,0.0103085
7-10-2016,0.0103085
7-11-2016,0.0102157
7-12-2016,0.0101674
7-13-2016,0.0101503
7-14-2016,0.0101435
7-15-2016,0.0101065
7-16-2016,0.0101065
7-17-2016,0.0101065
7-18-2016,0.0100724
7-19-2016,0.0100967
7-20-2016,0.0100587
7-21-2016,0.0100634
7-22-2016,0.0100763
7-23-2016,0.0100763
7-24-2016,0.0100763
7-25-2016,0.0101082
7-26-2016,0.0101082
7-27-2016,0.0101082
7-28-2016,0.0100832
7-29-2016,0.0100574
7-30-2016,0.0100574
7-31-2016,0.0100574
8-1-2016,0.0100363
8-2-2016,0.0100185
8-3-2016,0.0099965
8-4-2016,0.0100326
8-5-2016,0.0100326
8-6-2016,0.0100326
8-7-2016,0.0100326
8-8-2016,0.0100635
8-9-2016,0.0100852
8-10-2016,0.0100852
8-11-2016,0.0100936
8-12-2016,0.0101195
8-13-2016,0.0101195
8-14-2016,0.0101195
8-15-2016,0.0101195
8-16-2016,0.0100763
8-17-2016,0.0100914
8-18-2016,0.0101088
8-19-2016,0.0100839
8-20-2016,0.0100839
8-21-2016,0.0100839
8-22-2016,0.0101187
8-23-2016,0.0101549
8-24-2016,0.0101873
8-25-2016,0.0101639
8-26-2016,0.0102187
8-27-2016,0.0102187
8-28-2016,0.0102187
8-29-2016,0.0102061
8-30-2016,0.0102596
8-31-2016,0.0102885
9-1-2016,0.0102298
9-2-2016,0.0102084
9-3-2016,0.0102084
9-4-2016,0.0102084
9-5-2016,0.0101878
9-6-2016,0.0102174
9-7-2016,0.0102493
9-8-2016,0.0102284
9-9-2016,0.0102539
9-10-2016,0.0102539
9-11-2016,0.0102539
9-12-2016,0.0102489
9-13-2016,0.0102287
9-14-2016,0.0102563
9-15-2016,0.0102484
9-16-2016,0.0102613
9-17-2016,0.0102613
9-18-2016,0.0102613
9-19-2016,0.0101263
9-20-2016,0.0101029
9-21-2016,0.0100816
9-22-2016,0.0101021
9-23-2016,0.0101734
9-24-2016,0.0101734
9-25-2016,0.0101734
9-26-2016,0.0103572
9-27-2016,0.0105276
9-28-2016,0.0106179
9-29-2016,0.0107085
9-30-2016,0.0107834
10-1-2016,0.0107834
10-2-2016,0.0107834
10-3-2016,0.0108463
10-4-2016,0.0108463
10-5-2016,0.0108278
10-6-2016,0.0108762
10-7-2016,0.0109273
10-8-2016,0.0109273
10-9-2016,0.0109273
10-10-2016,0.0110376
10-11-2016,0.0111869
10-12-2016,0.0113493
10-13-2016,0.0114628
10-14-2016,0.0116749
10-15-2016,0.0116749
10-16-2016,0.0116749
10-17-2016,0.0117851
10-18-2016,0.0118934
10-19-2016,0.0119778
10-20-2016,0.0120478
10-21-2016,0.0120981
10-22-2016,0.0120981
10-23-2016,0.0120981
10-24-2016,0.0122187
10-25-2016,0.0126231
10-26-2016,0.0132708
10-27-2016,0.0138552
10-28-2016,0.0141723
10-29-2016,0.0141723
10-30-2016,0.0141723
10-31-2016,0.0150117
11-1-2016,0.0156735
11-2-2016,0.0160482
11-3-2016,0.0168212
11-4-2016,0.0175823
11-5-2016,0.0175823
11-6-2016,0.0175823
11-7-2016,0.0175691
11-8-2016,0.0182161
11-9-2016,0.0184402
11-10-2016,0.0188325
11-11-2016,0.0190598
11-12-2016,0.0190598
11-13-2016,0.0190598
11-14-2016,0.0190598
11-15-2016,0.0191102
11-16-2016,0.0192287
11-17-2016,0.0195211
11-18-2016,0.0196769
11-19-2016,0.0196769
11-20-2016,0.0196769
11-21-2016,0.0219265
11-22-2016,0.0230172
11-23-2016,0.0247423
11-24-2016,0.0275289
11-25-2016,0.0297162
11-26-2016,0.0297162
11-27-2016,0.0297162
11-28-2016,0.0368751
11-29-2016,0.0398648
11-30-2016,0.0453846
12-1-2016,0.0458773
12-2-2016,0.0440255
12-3-2016,0.0440255
12-4-2016,0.0440255
12-5-2016,0.0413889
12-6-2016,0.0424286
12-7-2016,0.0426135
12-8-2016,0.0426562
12-9-2016,0.0425411
12-10-2016,0.0425411
12-11-2016,0.0425411
12-12-2016,0.0398051
12-13-2016,0.0357074
12-14-2016,0.0310511
12-15-2016,0.0248052
12-16-2016,0.0250411
12-17-2016,0.0250709
12-18-2016,0.0250709
12-19-2016,0.0265075
12-20-2016,0.0271837
12-21-2016,0.0275122
12-22-2016,0.0275572
12-23-2016,0.0280247
12-24-2016,0.0280247
12-25-2016,0.0280247
12-26-2016,0.0285107
12-27-2016,0.0292354
12-28-2016,0.0287543
12-29-2016,0.0310773
12-30-2016,0.0316472
12-31-2016,0.0316472
1-1-2017,0.0316472
1-2-2017,0.0320754
1-3-2017,0.0320978
1-4-2017,0.0319075
1-5-2017,0.0325022
1-6-2017,0.0334836
1-7-2017,0.0334836
1-8-2017,0.0334836
1-9-2017,0.0335523
1-10-2017,0.0335173
1-11-2017,0.0335311
1-12-2017,0.0340144
1-13-2017,0.0351054
1-14-2017,0.0351054
1-15-2017,0.0351054
1-16-2017,0.0360705
1-17-2017,0.0372341
1-18-2017,0.0375522
1-19-2017,0.0375162
1-20-2017,0.0375301
1-21-2017,0.0375301
1-22-2017,0.0375301
1-23-2017,0.0375111
1-24-2017,0.0368051
1-25-2017,0.0368431
1-26-2017,0.0365207
1-27-2017,0.0365002
1-28-2017,0.0365002
1-29-2017,0.0365002
1-30-2017,0.0354136
1-31-2017,0.0354501
2-1-2017,0.0355162
2-2-2017,0.0332255
2-3-2017,0.0332302
2-4-2017,0.0332302
2-5-2017,0.0332302
2-6-2017,0.033764
2-7-2017,0.0345162
2-8-2017,0.0358177
2-9-2017,0.0364029
2-10-2017,0.0372012
2-11-2017,0.0372012
2-12-2017,0.0372012
2-13-2017,0.0382083
2-14-2017,0.0391074
2-15-2017,0.0410515
2-16-2017,0.0419089
2-17-2017,0.0422994
2-18-2017,0.0422994
2-19-2017,0.0422994
2-20-2017,0.0427664
2-21-2017,0.0428518
2-22-2017,0.043251
2-23-2017,0.0432782
2-24-2017,0.0432911
2-25-2017,0.0432911
2-26-2017,0.0432911
2-27-2017,0.0432911
2-28-2017,0.0432911
3-1-2017,0.0433441
3-2-2017,0.0433977
3-3-2017,0.0415877
3-4-2017,0.0415877
3-5-2017,0.0415877
3-6-2017,0.0396286
3-7-2017,0.0387978
3-8-2017,0.0369028
3-9-2017,0.0343087
3-10-2017,0.0320913
3-11-2017,0.0320913
3-12-2017,0.0320913
3-13-2017,0.0293074
3-14-2017,0.0280461
3-15-2017,0.0277084
3-16-2017,0.0277769
3-17-2017,0.0277262
3-18-2017,0.0277262
3-19-2017,0.0277262
3-20-2017,0.0280754
3-21-2017,0.0280311
3-22-2017,0.0290576
3-23-2017,0.0301402
3-24-2017,0.0300981
3-25-2017,0.0300981
3-26-2017,0.0300981
3-27-2017,0.0306318
3-28-2017,0.0309832
3-29-2017,0.0320362
3-30-2017,0.0345174
3-31-2017,0.0379081
4-1-2017,0.0379081
4-2-2017,0.0379081
4-3-2017,0.0370963
4-4-2017,0.0409756
4-5-2017,0.0420162
4-6-2017,0.0430473
4-7-2017,0.0440751
4-8-2017,0.0440751
4-9-2017,0.0440751
4-10-2017,0.0441122
4-11-2017,0.0441182
4-12-2017,0.0441201
4-13-2017,0.0441201
4-14-2017,0.0441201
4-15-2017,0.0441201
4-16-2017,0.0441201
4-17-2017,0.0441285
4-18-2017,0.0450763
4-19-2017,0.0460157
4-20-2017,0.0470877
4-21-2017,0.0471173
4-22-2017,0.0471173
4-23-2017,0.0471173
4-24-2017,0.0490873
4-25-2017,0.0487162
4-26-2017,0.0451233
4-27-2017,0.0428072
4-28-2017,0.0428317
4-29-2017,0.0428317
4-30-2017,0.0428317
5-1-2017,0.0428317
5-2-2017,0.0460875
5-3-2017,0.0490763
5-4-2017,0.0498907
5-5-2017,0.0510571
5-6-2017,0.0510571
5-7-2017,0.0510571
5-8-2017,0.0511387
5-9-2017,0.0511711
5-10-2017,0.0511809
5-11-2017,0.0520187
5-12-2017,0.0538311
5-13-2017,0.0538311
5-14-2017,0.0538311
5-15-2017,0.0541173
5-16-2017,0.0550783
5-17-2017,0.0571153
5-18-2017,0.0580155
5-19-2017,0.0580758
5-20-2017,0.0580758
5-21-2017,0.0580758
5-22-2017,0.0585163
5-23-2017,0.0589073
5-24-2017,0.0590787
5-25-2017,0.0598075
5-26-2017,0.0607987
5-27-2017,0.0607987
5-28-2017,0.0607987
5-29-2017,0.0607987
5-30-2017,0.0608167
5-31-2017,0.0610897
6-1-2017,0.0611288
6-2-2017,0.0620598
6-3-2017,0.0620598
6-4-2017,0.0620598
6-5-2017,0.0630862
6-6-2017,0.0648063
6-7-2017,0.0654093
6-8-2017,0.0678093
6-9-2017,0.0710786
6-10-2017,0.0710786
6-11-2017,0.0710786
6-12-2017,0.0729707
6-13-2017,0.0748097
6-14-2017,0.0771114
6-15-2017,0.0810471
6-16-2017,0.0828753
6-17-2017,0.0828753
6-18-2017,0.0828753
6-19-2017,0.0829147
6-20-2017,0.0829284
6-21-2017,0.0829389
6-22-2017,0.0830171
6-23-2017,0.0830171
6-24-2017,0.0830171
6-25-2017,0.0830171
6-26-2017,0.0828417
6-27-2017,0.0798067
6-28-2017,0.0798407
6-29-2017,0.0787305
6-30-2017,0.0778095
7-1-2017,0.0778095
7-2-2017,0.0778095
7-3-2017,0.0778095
7-4-2017,0.0769063
7-5-2017,0.0767893
7-6-2017,0.0767409
7-7-2017,0.0767281
7-8-2017,0.0767281
7-9-2017,0.0767281
7-10-2017,0.0767197
7-11-2017,0.0796055
7-12-2017,0.0810999
7-13-2017,0.0846087
7-14-2017,0.0849397
7-15-2017,0.0849397
7-16-2017,0.0849397
7-17-2017,0.0848107
7-18-2017,0.0847074
7-19-2017,0.0846987
7-20-2017,0.0846987
7-21-2017,0.0879084
7-22-2017,0.0879084
7-23-2017,0.0879084
7-24-2017,0.0882052
7-25-2017,0.0891751
7-26-2017,0.0939095
7-27-2017,0.0978779
7-28-2017,0.1038979
7-29-2017,0.1038979
7-30-2017,0.1038979
7-31-2017,0.1118595
8-1-2017,0.1219774
8-2-2017,0.1476089
8-3-2017,0.1798095
8-4-2017,0.1898293
8-5-2017,0.1898293
8-6-2017,0.1898293
8-7-2017,0.1648017
8-8-2017,0.1307701
8-9-2017,0.1038755
8-10-2017,0.1098797
8-11-2017,0.1216368
8-12-2017,0.1216368
8-13-2017,0.1216368
8-14-2017,0.1289475
8-15-2017,0.1415847
8-16-2017,0.1544507
8-17-2017,0.1550181
8-18-2017,0.1625674
8-19-2017,0.1625674
8-20-2017,0.1625674
8-21-2017,0.1628005
8-22-2017,0.1684075
8-23-2017,0.1684507
8-24-2017,0.1685047
8-25-2017,0.1685752
8-26-2017,0.1685752
8-27-2017,0.1685752
8-28-2017,0.1689195
8-29-2017,0.1756256
8-30-2017,0.1766273
8-31-2017,0.1773085
9-1-2017,0.1847097
9-2-2017,0.1847097
9-3-2017,0.1847045
9-4-2017,0.1910545
9-5-2017,0.1949097
9-6-2017,0.1987085
9-7-2017,0.2019295
9-8-2017,0.2110595
9-9-2017,0.2110595
9-10-2017,0.2110595
9-11-2017,0.2110595
9-12-2017,0.2179095
9-13-2017,0.2243065
9-14-2017,0.2321854
9-15-2017,0.2374463
9-16-2017,0.2374463
9-17-2017,0.2374463
9-18-2017,0.2443156
9-19-2017,0.2523702
9-20-2017,0.2378668
9-21-2017,0.2293823
9-22-2017,0.2233722
9-23-2017,0.2233722
9-24-2017,0.2233722
9-25-2017,0.2378134
9-26-2017,0.2512856
9-27-2017,0.2705164
9-28-2017,0.2843407
9-29-2017,0.2914611
9-30-2017,0.2914611
10-1-2017,0.2914611
10-2-2017,0.2916814
10-3-2017,0.2917091
10-4-2017,0.2938769
10-5-2017,0.2765115
10-6-2017,0.2674928
10-7-2017,0.2674928
10-8-2017,0.2674928
10-9-2017,0.2664568
10-10-2017,0.2680831
10-11-2017,0.272124
10-12-2017,0.2917329
10-13-2017,0.311093
10-14-2017,0.311093
10-15-2017,0.311093
10-16-2017,0.3212378
10-17-2017,0.3334841
10-18-2017,0.3410173
10-19-2017,0.3620118
10-20-2017,0.3808743
10-21-2017,0.3808743
10-22-2017,0.3808743
10-23-2017,0.4007299
10-24-2017,0.4271591
10-25-2017,0.4214402
10-26-2017,0.4032349
10-27-2017,0.4115281
10-28-2017,0.4115281
10-29-2017,0.4115281
10-30-2017,0.4124387
10-31-2017,0.4119487
11-1-2017,0.4129028
11-2-2017,0.4229357
11-3-2017,0.4434776
11-4-2017,0.4434776
11-5-2017,0.4434776
11-6-2017,0.4623867
11-7-2017,0.4853211
11-8-2017,0.497065
11-9-2017,0.4983098
11-10-2017,0.5212874
11-11-2017,0.5212874
11-12-2017,0.5212874
11-13-2017,0.5521667
11-14-2017,0.5737887
11-15-2017,0.6094207
11-16-2017,0.6596269
11-17-2017,0.7321875
11-18-2017,0.7321875
11-19-2017,0.7321875
11-20-2017,0.8127127
11-21-2017,0.8437218
11-22-2017,0.8236357
11-23-2017,0.8175998
11-24-2017,0.8218575
11-25-2017,0.8218575
11-26-2017,0.8218575
11-27-2017,0.8445736
11-28-2017,0.8823561
11-29-2017,0.9679446
11-30-2017,0.9719271
12-1-2017,1.0302427
12-2-2017,1.0302427
12-3-2017,1.0302427
12-4-2017,1.0827953
12-5-2017,1.0319042
12-6-2017,0.9860989
12-7-2017,0.9544047
12-8-2017,0.9277811
12-9-2017,0.9277811
12-10-2017,0.9277811
12-11-2017,0.9277811
12-12-2017,0.9639645
12-13-2017,1.0227663
12-14-2017,1.0355508
12-15-2017,1.0819844
12-16-2017,1.0819844
12-17-2017,1.0819844
12-18-2017,1.1573462
12-19-2017,1.2419013
12-20-2017,1.2120572
12-21-2017,1.1526519
12-22-2017,1.1226829
12-23-2017,1.1226829
12-24-2017,1.1226829
12-25-2017,1.1226829
12-26-2017,1.1213787
12-27-2017,1.0692496
12-28-2017,1.0712811
12-29-2017,1.1141323
12-30-2017,1.1141323
12-31-2017,1.1141323
1-1-2018,1.1141323
1-2-2018,1.1977997
1-3-2018,1.2311049
1-4-2018,1.2844621
1-5-2018,1.3658217
1-6-2018,1.3658217
1-7-2018,1.3658217
1-8-2018,1.4327469
1-9-2018,1.5149694
1-10-2018,1.5754172
1-11-2018,1.6846965
1-12-2018,1.7854648
1-13-2018,1.7854648
1-14-2018,1.7854648
1-15-2018,1.8249235
1-17-2018,1.9402658
1-18-2018,2.0178764
1-19-2018,2.1133755
1-20-2018,2.1133755
1-21-2018,2.1133755
1-23-2018,2.4166488
1-24-2018,2.6151723
1-25-2018,2.6380329
1-26-2018,2.6663076
1-27-2018,2.6663077
1-28-2018,2.6663077
1-29-2018,2.5590012
1-30-2018,2.4987223
1-31-2018,2.3578212
2-1-2018,2.2792154
2-2-2018,2.2495412
2-3-2018,2.2495412
2-4-2018,2.2495412
2-5-2018,2.2790102
2-6-2018,2.3353114
2-7-2018,2.3290282
2-8-2018,2.3640245
2-9-2018,2.3685415
2-10-2018,2.3685415
2-11-2018,2.3685415
2-12-2018,2.3685415
2-13-2018,2.3685415
2-14-2018,2.3803842
2-15-2018,2.3714956
2-16-2018,2.3620187
2-17-2018,2.3620187
2-18-2018,2.3620187
2-19-2018,2.3469999
2-20-2018,2.3272701
2-21-2018,2.3022859
2-22-2018,2.3076406
2-23-2018,2.2558601
2-24-2018,2.2558601
2-25-2018,2.2558601
2-26-2018,2.2653612
2-27-2018,2.1790931
2-28-2018,2.1465543
3-1-2018,2.1323928
3-2-2018,2.1683882
3-3-2018,2.1683882
3-4-2018,2.1683882
3-5-2018,2.1726198
3-6-2018,2.1022673
3-7-2018,2.0589946
3-8-2018,2.0872512
3-9-2018,2.1577805
3-10-2018,2.1577805
3-11-2018,2.1577805
3-12-2018,2.1616425
3-13-2018,2.1673261
3-14-2018,2.1791239
3-15-2018,2.1575265
3-16-2018,2.2631763
3-17-2018,2.2631763
3-18-2018,2.2631763
3-19-2018,2.2631763
3-20-2018,2.3072645
3-21-2018,2.3094127
3-22-2018,2.3133402
3-23-2018,2.3500277
3-24-2018,2.3500277
3-25-2018,2.3500277
3-26-2018,2.3541733
3-27-2018,2.3577465
3-28-2018,2.3599821
3-29-2018,2.3599821
3-30-2018,2.3599821
3-31-2018,2.3599821
4-1-2018,2.3599821
4-2-2018,2.3534477
4-3-2018,2.4166713
4-4-2018,2.5131151
4-5-2018,2.6544798
4-6-2018,3.0521585
4-7-2018,3.0521585
4-8-2018,3.0521585
4-9-2018,3.6283154
4-10-2018,3.7182945
4-11-2018,4.1068451
4-12-2018,4.5134925
4-13-2018,4.837327
4-14-2018,4.837327
4-15-2018,4.837327
4-16-2018,5.2398811
4-17-2018,5.5123009
4-18-2018,6.4134721
4-19-2018,6.4134721
4-20-2018,6.1072566
4-21-2018,6.1072566
4-22-2018,6.1072566
4-23-2018,6.3025419
4-24-2018,6.2594472
4-25-2018,6.3548625
4-26-2018,6.3852036
4-27-2018,6.2376577
4-28-2018,6.2376577
4-29-2018,6.2376577
4-30-2018,6.2149849
5-1-2018,6.2149849
5-2-2018,6.3705328
5-3-2018,6.4881153
5-4-2018,6.4357109
5-5-2018,6.4357109
5-6-2018,6.4357109
5-7-2018,6.3677103
5-8-2018,6.6182452
5-9-2018,6.9085412
5-10-2018,6.9721106
5-11-2018,7.1084512
5-12-2018,7.1084512
5-13-2018,7.1084512
5-14-2018,7.1084512
5-15-2018,7.1143345
5-16-2018,7.3145455
5-17-2018,7.4562523
5-18-2018,7.5235488
5-19-2018,7.5235488
5-20-2018,7.5235488
5-21-2018,7.615451
5-22-2018,8.1027488
5-23-2018,8.5568179
5-24-2018,8.7934722
5-25-2018,9.3182156
5-26-2018,9.3182156
5-27-2018,9.3182156
5-28-2018,9.9075412
5-29-2018,9.9548841
5-30-2018,11.4356425
5-31-2018,12.5368421
6-1-2018,14.0013587
6-2-2018,14.0013587
6-3-2018,14.0013587
6-4-2018,14.0013587
6-5-2018,17.9042205
6-6-2018,18.8754451
6-7-2018,20.501981
6-8-2018,20.5034573
6-9-2018,20.5034573
6-10-2018,20.5034573
6-11-2018,22.015431
6-12-2018,22.5072522
6-13-2018,23.5287215
6-14-2018,22.9138544
6-15-2018,22.9825733
6-16-2018,22.9825733
6-17-2018,22.9825733
6-18-2018,22.9917325
6-19-2018,25.8062273
6-20-2018,28.0349581
6-21-2018,29.0214235
6-22-2018,29.5137461
6-23-2018,29.5137461
6-24-2018,29.5137461
6-25-2018,29.5583074
6-26-2018,33.0024825
6-27-2018,34.0218633
6-28-2018,34.0867141
6-29-2018,34.0575103
6-30-2018,34.0575103
7-1-2018,34.0575103
7-2-2018,34.106252
7-3-2018,34.0852261
7-4-2018,35.0026582
7-5-2018,35.0026582
7-6-2018,34.9852175
7-7-2018,34.9852175
7-8-2018,34.9852175
7-9-2018,34.9521045
7-10-2018,34.9281511
7-11-2018,34.1026914
7-12-2018,34.116852
7-13-2018,34.156889
7-14-2018,34.156889
7-15-2018,34.156889
7-16-2018,34.186052
7-17-2018,36.7055141
7-18-2018,37.212153
7-19-2018,37.22105
7-20-2018,36.198332
7-21-2018,36.198332
7-22-2018,36.198332
7-23-2018,35.2557302
7-24-2018,35.2557302
7-25-2018,35.270601
7-26-2018,35.2568085
7-27-2018,35.2433015
7-28-2018,35.2433015
7-29-2018,35.2433015
7-30-2018,35.2723071
7-31-2018,35.856742
8-1-2018,36.0241211
8-2-2018,36.2954331
8-3-2018,36.5126671
8-4-2018,36.5126671
8-5-2018,36.5126671
8-6-2018,36.7210591
8-7-2018,36.7834165
8-8-2018,38.1128425
8-9-2018,39.0581262
8-10-2018,41.0127351
8-11-2018,41.0127351
8-12-2018,41.0127351
8-13-2018,42.051842
8-14-2018,43.1568891
8-15-2018,47.259401
8-16-2018,54.0951125
8-17-2018,59.2148623
8-18-2018,59.2148623
8-19-2018,59.21
8-20-2018,59.21
8-21-2018,65.18
8-22-2018,71.21
8-23-2018,75.32
8-24-2018,83.47
8-25-2018,83.47
8-26-2018,83.47
8-27-2018,84.31
8-28-2018,86.18
8-29-2018,87.35
8-30-2018,86.47
8-31-2018,87.22
9-1-2018,87.22
9-2-2018,87.22
9-3-2018,87.68
9-4-2018,88.09
9-5-2018,90.23
9-6-2018,90.51
9-7-2018,91.64
9-8-2018,91.64
9-9-2018,91.64
9-10-2018,91.64
9-11-2018,92.37
9-12-2018,93.11
9-13-2018,93.21
9-14-2018,92.89
9-15-2018,92.89
9-16-2018,92.89
9-17-2018,92.11
9-18-2018,92.33
9-19-2018,92.07
9-20-2018,92.66
9-21-2018,93.08
9-22-2018,93.08
9-23-2018,93.08
9-24-2018,96.45
9-25-2018,96.3
9-26-2018,97.08
9-27-2018,97.51
9-28-2018,98.06
9-29-2018,98.06
9-30-2018,98.06
10-1-2018,98.56
10-2-2018,99.12
10-3-2018,101.34
10-4-2018,101.5
10-5-2018,102.97
10-6-2018,102.97
10-7-2018,102.97
10-8-2018,103.5
10-9-2018,105.44
10-10-2018,110.31
10-11-2018,115.29
10-12-2018,115.29
10-13-2018,115.29
10-14-2018,115.29
10-15-2018,125.08
10-16-2018,136.05
10-17-2018,147.83
10-18-2018,156.43
10-19-2018,167.36
10-20-2018,167.36
10-21-2018,167.36
10-22-2018,171.34
10-23-2018,175.44
10-24-2018,191.07
10-25-2018,201.15
10-26-2018,212.31
10-27-2018,212.31
10-28-2018,212.31
10-29-2018,230.05
10-30-2018,240.28
